source,author,title,description,url,url_to_image
Engadget,Karissa Bell,X hopes ‘sensitivity settings’ will bring back advertisers,"X is giving advertisers new ways to have some control over what type of content can appear near their ads. The company formerly known as Twitter introduced
 new “sensitivity settings” that allow advertisers to choose between different types of content filter…",https://www.engadget.com/x-hopes-sensitivity-settings-will-bring-back-advertisers-215439809.html,https://s.yimg.com/uu/api/res/1.2/P2oxIvpENWHFwLm2kjcEsg--~B/Zmk9ZmlsbDtoPTYzMDtweW9mZj0wO3c9MTIwMDthcHBpZD15dGFjaHlvbg--/https://media-mbst-pub-ue1.s3.amazonaws.com/creatr-uploaded-images/2023-08/5fb50e70-3632-11ee-bece-84e68f4734d0.cf.jpg
Hackaday,Al Williams,The AI Engine that Fits in 100K,"Running your own AI models is possible, but it requires a giant computer, right? Maybe not. Researchers at NVidia are showing off Perfusion, a text-to-image model they say is 100KB in size and take…",https://hackaday.com/2023/08/02/the-ai-engine-that-fits-in-100k/,https://hackaday.com/wp-content/uploads/2023/08/ai.png
ReadWrite,Al Sefati,Unlocking Big Success: Harnessing the Power of Integrated Search Marketing Strategies,"In the dynamic world of search marketing, the strategic fusion of organic and paid strategies has emerged as a game-changer […]
The post Unlocking Big Success: Harnessing the Power of Integrated Search Marketing Strategies appeared first on ReadWrite.",https://readwrite.com/unlocking-big-success-harnessing-the-power-of-integrated-search-marketing-strategies/,https://readwrite.com/wp-content/uploads/2023/07/Integrated-Search-Marketing.jpg
Nullpt.rs,No author found,Evading JavaScript anti-debugging techniques,"Debuggers serve as invaluable tools that empower developers to halt code execution and thoroughly analyze its behavior at any given moment. By utilizing debuggers, developers can efficiently identify and resolve issues within their code, making it an indispen…",https://www.nullpt.rs/evading-anti-debugging-techniques,No image found
Android Central,tips@androidcentral.com (Nickolas Diaz),Google redesigns its Arts & Culture app with an Inspire feed and AI poems,Google launches its Arts & Culture app redesign alongside new features and AI assistance.,https://www.androidcentral.com/apps-software/google-arts-and-culture-redesign,https://cdn.mos.cms.futurecdn.net/vy9wjipiWtnzpbzdancHpd-1200-80.jpg
Android Central,tips@androidcentral.com (Nickolas Diaz),Google Photos rolls out Memories view with AI at its core,Google is rolling out Memories view to Photos for the U.S. with AI software that curates and organizes life's moments.,https://www.androidcentral.com/apps-software/google-photos-memories-view-rollout,https://cdn.mos.cms.futurecdn.net/79P3D9KKfz7VCaxGJLh3q7-1200-80.jpg
Small Business Trends,Shubhomita Bose,Use “Gift” as Keyword For Valentine’s Day Marketing,"Planning on a special marketing effort for Valentine's Day this year? New data suggests that using the word ""gift"" is a must in a promo and don't forget about singles, who also tend to spend more on a day that targets couples.",https://smallbiztrends.com/2016/01/gift-valentines-day-keyword-online-marketing.html,https://media.smallbiztrends.com/2016/01/valentines-gift-BING-1-660x370.png
ReadWrite,Nate Nead,"Test Automation Frameworks: A Beginner’s Guide to Choosing, Implementing, and Optimizing","Test automation frameworks provide a set of features and best practices designed to help build efficient, effective test automation systems. […]
The post Test Automation Frameworks: A Beginner’s Guide to Choosing, Implementing, and Optimizing appeared first o…",https://readwrite.com/test-automation-frameworks/,https://images.readwrite.com/wp-content/uploads/2022/03/Offshoring-Software-Development.jpg
Forbes,"YEC, Forbes Councils Member, 
 YEC, Forbes Councils Member
 https://www.forbes.com/sites/theyec/",How To Ramp Up Your Content Production In 2023,"Ultimately, if you want to see real results in content marketing, you should focus on providing value to your reader or customer.",https://www.forbes.com/sites/theyec/2023/08/04/how-to-ramp-up-your-content-production-in-2023/,https://imageio.forbes.com/specials-images/imageserve/62f2625321ea64f337fe6374/0x0.jpg?format=jpg&width=1200
Moz.com,Rejoice Ojiaku,Map Your Keywords to the Buyer's Journey and User Intent — Whiteboard Friday,Rejoice takes you through how to map your keywords to both the buyer’s purchasing journey and the relative user intent.,https://moz.com/blog/buyers-journey-and-user-intent-whiteboard-friday,No image found
Small Business Trends,Small Business Editor,Semrush Enhances Local SEO Tool with ChatGPT AI Features,"Semrush unveils AI-driven ChatGPT features, enhancing local SEO for small businesses by optimizing reviews and keyword strategies.",https://smallbiztrends.com/2023/08/semrush-enhances-local-seo-tool-with-chatgpt-ai-features.html,https://smallbiztrends.com/wp-content/themes/sahifa/images/logo-full.jpg
Android Central,tips@androidcentral.com (Nickolas Diaz),The Fitbit app's major redesign rolls out this fall,"Google informs users that its redesigned Fitbit app will arrive ""later this fall.""",https://www.androidcentral.com/apps-software/fitbit-app-redesign-fall-announcement,https://cdn.mos.cms.futurecdn.net/grypT9pDeNgQcUGYkfUguk-1200-80.jpg
Android Central,tips@androidcentral.com (Nickolas Diaz),Google's generative AI can summarize articles while you browse,"Google is rolling out ""SGE while browsing"" to give users quick AI-generated key points from long articles.",https://www.androidcentral.com/apps-software/google-sge-while-browsing,https://cdn.mos.cms.futurecdn.net/QKr6aVfpewsGFuPCNr79TX-1200-80.jpeg
Gizmodo.jp,ヨコヤマコム,GoogleがFitbitアプリを刷新。よりGoogleっぽいデザインに,スマートウォッチやアクティブトラッカーで知られるGoogle（グーグル）傘下のFitbitが、スマートフォンアプリの刷新を発表。アプリは2023年の秋にリリース予定です。,https://www.gizmodo.jp/2023/08/google-fitbit-app-redesign.html,https://media.loom-app.com/gizmodo/dist/images/2023/08/02/google-fitbit-app-redesign-thumb.jpg?w=1280&h=630&f=jpg
Github.com,TodePond,We are pleased to announce that DreamBerd has been renamed to C,perfect programming language. Contribute to TodePond/C development by creating an account on GitHub.,https://github.com/TodePond/C,https://opengraph.githubassets.com/4772de9c58846b988da1903c2628b63f542b5542275180ebbfc29daa56b427f9/TodePond/C
Quicksprout.com,Quick Sprout,7 Tools for Generating Infinite Content Ideas for Your Blog,"Blogging sucks. Okay that’s a bit extreme. In fact, there’s a lot that we enjoy about blogging—mainly connecting with you …
 7 Tools for Generating Infinite Content Ideas for Your Blog Read More »
The post 7 Tools for Generating Infinite Content Ideas for You…",https://www.quicksprout.com/7-tools-for-generating-infinite-content-ideas-for-your-blog/,https://www.quicksprout.com/wp-content/uploads/2023/06/QS-Default-Featured-Image-1-218.webp
Quicksprout.com,Lars Lofgren,Rank Higher and Drive Traffic with the Right Website Title,"A website title tells an internet browser (like Chrome or Safari) what to display as the title link in search …
 Rank Higher and Drive Traffic with the Right Website Title Read More »
The post Rank Higher and Drive Traffic with the Right Website Title appeare…",https://www.quicksprout.com/website-title/,https://www.quicksprout.com/wp-content/uploads/2023/08/website-title_featured-image.jpg
Quicksprout.com,Quick Sprout Editorial,23 SEO Mistakes To Avoid in 2023,"When you’re doing your site’s SEO, you have to be careful. The techniques that used to work will now get …
 23 SEO Mistakes To Avoid in 2023 Read More »
The post 23 SEO Mistakes To Avoid in 2023 appeared first on .",https://www.quicksprout.com/seo-mistakes/,https://www.quicksprout.com/wp-content/uploads/2023/06/seo-mistakes_featured-image.webp
ReadWrite,Nate Nead,Sustaining an Organic Link Structure: Guide to SEO Success,"The right natural link structure can make all the difference in SEO success. No longer is it just a matter […]
The post Sustaining an Organic Link Structure: Guide to SEO Success appeared first on ReadWrite.",https://readwrite.com/organic-link-structure/,https://readwrite.com/wp-content/uploads/2022/05/link-building-tips-for-seo.jpg
ReadWrite,Erik Emanuelli,20 Real Ways to Make Money While Being at Home,"Are you looking for ways to make money while staying at home? You are not alone! The pandemic has caused […]
The post 20 Real Ways to Make Money While Being at Home appeared first on ReadWrite.",https://readwrite.com/20-real-ways-to-make-money-while-being-at-home/,https://readwrite.com/wp-content/uploads/2023/06/make-money-from-home.jpg
Quicksprout.com,Quick Sprout,A Step-by-Step Guide to Conducting a Content Audit,"Is your content a mess? It might be high quality (it might not be), but that doesn’t mean that it’s …
 A Step-by-Step Guide to Conducting a Content Audit Read More »
The post A Step-by-Step Guide to Conducting a Content Audit appeared first on .",https://www.quicksprout.com/content-audit/,https://www.quicksprout.com/wp-content/uploads/2023/06/content-audit_featured-image.webp
Search Engine Journal,Roger Montti,"Google: Domain Name Is Never Going To Make Or Break Your SEO via @sejournal, @martinibuster","Google's John Mueller discusses domain names and SEO
The post Google: Domain Name Is Never Going To Make Or Break Your SEO appeared first on Search Engine Journal.",https://www.searchenginejournal.com/domain-name-make-or-break-seo/493815/,https://www.searchenginejournal.com/wp-content/uploads/2023/08/domain-names-seo-64d9ebd257a9b-sej.jpg
Wwwhatsnew.com,Juan Diego Polo,Cómo optimizar App Store Optimization (ASO) con Inteligencia Artificial,"La tecnología avanza a pasos agigantados y, con ella, las herramientas que facilitan la vida de los desarrolladores y especialistas en marketing. Una de las más recientes es AI Keyword Generator by MobileAction, una solución que promete cambiar el panorama de…",https://wwwhatsnew.com/2023/08/14/como-optimizar-app-store-optimization-aso-con-inteligencia-artificial/,https://wwwhatsnew.com/wp-content/uploads/2023/08/palabras-clave.jpg
Bitecode.dev,Bite Code!,"Asyncio, twisted, tornado, gevent walk into a bar","... they pay, they leave, they drink, they order.",https://www.bitecode.dev/p/asyncio-twisted-tornado-gevent-walk,"https://substackcdn.com/image/fetch/w_1200,h_600,c_fill,f_jpg,q_auto:good,fl_progressive:steep,g_auto/https%3A%2F%2Fsubstack-post-media.s3.amazonaws.com%2Fpublic%2Fimages%2F1baea5b6-0bc4-4786-a28f-8aed68141169_948x948.png"
MakeUseOf,Idowu Omisola,11 MongoDB Queries and Operations You Must Know,Get a hang of MongoDB queries and operations with the help of this handy guide.,https://www.makeuseof.com/mongodb-queries-and-operations/,https://static1.makeuseofimages.com/wordpress/wp-content/uploads/2023/08/mongodb-queries-you-must-know.jpg
Search Engine Journal,Kevin Rowe,"19 List Building Techniques For SaaS Link Building [With Templates] via @sejournal, @_kevinrowe","Link building for SaaS companies requires leveraging unique content resources and implementing strategic techniques. Discover 19 tried and tested list building techniques today.
The post 19 List Building Techniques For SaaS Link Building [With Templates] appe…",https://www.searchenginejournal.com/saas-list-building-for-link-building/491077/,https://www.searchenginejournal.com/wp-content/uploads/2023/07/link-building-techniques-64ad57b0cc34c-sej.png
Quicksprout.com,Quick Sprout,Does URL Structure Even Matter? A Data Driven Answer,"URL structure has been debated within the SEO industry for years. From the number of subdirectories to the placement of …
 Does URL Structure Even Matter? A Data Driven Answer Read More »
The post Does URL Structure Even Matter? A Data Driven Answer appeared …",https://www.quicksprout.com/does-url-structure-even-matter-a-data-driven-answer/,https://www.quicksprout.com/wp-content/uploads/2023/06/QS-Default-Featured-Image-3-152.webp
Boing Boing,Mark Frauenfelder,Major brands pull ads after they appear next to pro-Nazi content on Twitter,"X Corp. CEO Linda Yaccarino has been busy reassuring major brands that X/Twitter is a ""healthier and safer platform than it was a year ago."" In a CNBC interview last week, she said advertisers are ""protected from the risk of being next to"" toxic content and ""…",https://boingboing.net/2023/08/17/major-brands-pull-ads-after-they-appear-next-to-pro-nazi-content-on-twitter.html,https://i0.wp.com/boingboing.net/wp-content/uploads/2023/08/yaccy.jpg?fit=1200%2C634&ssl=1
MakeUseOf,Sahil Kapoor,How to Deal With Duplicate Values in SQL,"Dealing with duplicate values in SQL can be a cumbersome task. But fear not, this guide is here to ease your burden.",https://www.makeuseof.com/deal-with-duplicate-values-sql/,https://static1.makeuseofimages.com/wordpress/wp-content/uploads/2023/07/learn-to-deal-with-duplicates-in-sql.jpg
Search Engine Journal,Adam Heitzman,"Understanding Buyer Intent Keywords via @sejournal, @AdamHeitzman","Learn the different types of buyer intent keywords and get some tips on identifying terms that bring more conversions and sales to your business.
The post Understanding Buyer Intent Keywords appeared first on Search Engine Journal.",https://www.searchenginejournal.com/buyer-intent-keywords/489758/,https://www.searchenginejournal.com/wp-content/uploads/2023/06/buyer-intent-6494420a66456-sej.png
Search Engine Journal,Brooke Osmundson,"5 Reasons Why Your PPC Leads Are Not Converting via @sejournal, @brookeosmundson","It's easy to blame PPC when leads aren't converting to customers. But there are many reasons outside of PPC that this problem exists.
The post 5 Reasons Why Your PPC Leads Are Not Converting appeared first on Search Engine Journal.",https://www.searchenginejournal.com/reasons-why-your-ppc-leads-are-not-converting/490811/,https://www.searchenginejournal.com/wp-content/uploads/2023/07/ppc-leads-64abd345934d1-sej.png
Moz.com,Jon Earnshaw,"Identifying, Fixing, and Preventing Cannibalization — Whiteboard Friday","In this Whiteboard Friday, Jon discusses how to identify, fix, and prevent cannibalization. He identifies three specific types of cannibalization: internal, international, and subdomain.",https://moz.com/blog/identify-fix-and-prevent-cannibalization-whiteboard-friday,No image found
Adamj.eu,No author found,Python Type Hints – *args and **kwargs,"When I started writing type hints, I was a little confused about what to do with Python’s variable argument operators, * and ** (often called *args and **kwargs). Here’s what I figured out.",https://adamj.eu/tech/2021/05/11/python-type-hints-args-and-kwargs/,https://adamj.eu/tech/assets/2021-05-11-governor.jpg
Briansmith.org,No author found,Rust Cryptography Should Be Written in Rust,Comments,https://briansmith.org/rust-cryptography-should-be-written-in-rust-01,https://briansmith.org/favicon.ico
Moz.com,Meghan Pahinui,Unlocking the Future of Tomorrow: MozCon 2023 Day Two Recap,Catch up on the second and final day of MozCon 2023 in this day-two recap!,https://moz.com/blog/mozcon-2023-day-two-recap,No image found
Idownloadblog.com,Christian Zibreg,iOS 17’s Photos lets you search for specific sounds in videos and live photos,"Apple's Photos app on iOS 17 lets you use keyword search to find videos and live photos that have specific sounds in them, like a laughter.",https://www.idownloadblog.com/2023/08/17/ios-17-photos-app-iphone-search-sounds-videos/,https://media.idownloadblog.com/wp-content/uploads/2023/08/Apple-iOS-17-Photos-App-Search-Sounds-in-Videos.jpg
Tinloof.com,Omar Benseddik,"The SEO scam: $62,000 later","Context

Like many businesses operating online, we at Tinloof decided to explore SEO to attract more leads.

Seeing the numerous SEO gurus on LinkedIn and Twitter, one might think it's worth a shot to try this approach, hoping to strike gold when search...",https://tinloof.com/blog/the-seo-scam-62000-dollars-later,https://cdn.sanity.io/images/o5kh1pex/production/970200b76b86ef44fa25703da241cf547edf1fe6-1200x630.png?w=1230&fit=max&auto=format
Yanko Design,Ida Torres,"This hand-cranked, AI-powered projector tells stories by perfectly merging analog with futuristic design","This hand-cranked, AI-powered projector tells stories by perfectly merging analog with futuristic designThere has been a lot of discussion about how artificial intelligence tools like ChatGPT, Midjourney, and other creative platforms will change the way we te…",https://www.yankodesign.com/2023/08/23/this-hand-cranked-ai-powered-projector-tells-stories-by-perfectly-merging-analog-with-futuristic-design/,https://www.yankodesign.com/images/design_news/2023/08/old-school-looking-projector-uses-ai-to-crank-out-stories/1.jpg
Thedailywtf.com,Remy Porter,CodeSOD: Error While you Wait,"Structured exception handling is a powerful way to describe how your program reacts to error conditions. But it's not available in a language like C, and thus C programmers have come up with a variety of ways to propogate errors. Frequently, functions simply …",https://thedailywtf.com/articles/error-while-you-wait,https://thedailywtf.com/images/remy/Remy203-300x300.png
Pybit.es,,PyBites: The Arbitrary (Keyword) Arguments (args and kwargs) don’t come “for free” in Python,"Python allows you to use *args and **kwargs in function definitions to accept an arbitrary number of positional and keyword arguments, respectively.",https://pybit.es/articles/the-arbitrary-keyword-arguments-args-and-kwargs-dont-come-for-free-in-python/,https://pybit.es/wp-content/uploads/2023/08/1689933867086-1024x612.jpeg
ReadWrite,Vikas Kaushik,Mobile App Localization: Best Practices and Tools,"Mobile App Localization is a game-changer, folks. Yet when it’s time to globalize their app, many developers hit a wall. […]
The post Mobile App Localization: Best Practices and Tools appeared first on ReadWrite.",https://readwrite.com/mobile-app-localization-best-practices-and-tools/,https://images.readwrite.com/wp-content/uploads/2023/07/Mobile-App-Localization.jpg
Search Engine Journal,Greg Jarboe,"Disctopia And Semrush Launch Podcast Hosting App To Optimize Podcasts via @sejournal, @gregjarboe","Thanks to the collaboration between Disctopia and Semrush, podcasters can harness the power of the Podcast Hosting App to amplify their content.
The post Disctopia And Semrush Launch Podcast Hosting App To Optimize Podcasts appeared first on Search Engine Jou…",https://www.searchenginejournal.com/disctopia-and-semrush-launch-podcast-hosting-app/494168/,https://www.searchenginejournal.com/wp-content/uploads/2023/08/disctopia-announces-new-partnership-with-semrush--64e3621b154c8-sej.png
Search Engine Journal,Annabelle Nyst,"Content Creation In An AI World via @sejournal, @annabellenyst","Learn what the industry thinks about the impact of generative AI on content creation and how you can use it to your advantage. 
The post Content Creation In An AI World appeared first on Search Engine Journal.",https://www.searchenginejournal.com/content-creation-in-an-ai-world/493027/,https://www.searchenginejournal.com/wp-content/uploads/2023/08/featured-book-2-copy-64e759e2bb2ef-sej.jpg
Iphoneblog.de,Alex Olma,Tipp: „Keyword Search“ setzt beliebige Suchseiten/Suchmaschinen in Safari als Standard,"Lange bekannt, aber aus aktuellem Anlass noch einmal mit expliziter Erwähnung: Keyword Search.

Wer am Desktop auf Arc setzt, findet dort die vergleichbaren „Site Search Settings“.",https://www.iphoneblog.de/2023/08/18/keyword-search-setzt-beliebige-suchseitensuchmaschinen-in-safari-als-standard/,https://www.iphoneblog.de/images/ipad-144.png
Lighton.ai,No author found,"Alfred-40B, an OSS RLHF version of Falcon40B",The Open-Source Generative AI Copilot by LightOn,https://www.lighton.ai/blog/lighton-s-blog-4/introducing-alfred-40b-0723-38,https://www.lighton.ai/web/image/2019-f84649d2/Alfred40B.png
Quicksprout.com,Lars Lofgren,How to Build Traffic Through Forums,"Forum marketing might be the most underutilized traffic generation strategy on the planet. Industry forums are a watering hole of …
 How to Build Traffic Through Forums Read More »
The post How to Build Traffic Through Forums appeared first on .",https://www.quicksprout.com/build-traffic-through-forums/,https://www.quicksprout.com/wp-content/uploads/2023/06/QS-Default-Featured-Image-1-296.webp
PC Gamer,Phil Savage,Destiny 2's most overpowered ability is being nerfed because it was 'a skeleton key that solves combat problems against all combatant types',Strand's Suspend keyword will no longer be the solution to all of your problems.,https://www.pcgamer.com/destiny-2s-most-overpowered-ability-is-being-nerfed-because-it-was-a-skeleton-key-that-solves-combat-problems-against-all-combatant-types/,https://cdn.mos.cms.futurecdn.net/Jhe2oe6aKcfvYM4DCiZGCB-1200-80.jpg
Semrush.com,No author found,"12 Best PPC Tools for Research, Automation, and More","Discover the top PPC tools for keyword research, campaign management, automation, reporting, and more.",https://www.semrush.com/blog/ppc-tools/,https://static.semrush.com/blog/uploads/media/33/74/337416dde1ea23344383fe2a77e83d94/ppc-tools-sm.png
Grahamhelton.com,No author found,An Excruciatingly Detailed Guide to SSH (But Only the Things I Find Useful),"Welcome We&amp;rsquo;ve all seen these great diagrams of how SSH port forwarding works but if your brain is anything like mine, these diagrams leave you with a lot of unanswered questions. If you&amp;rsquo;re on a red team, understanding how to traverse a net…",https://grahamhelton.com/blog/ssh-cheatsheet/,https://grahamhelton.com/ssh-cheatsheet-cover.png
Genbeta.com,Marcos Merino,Olvídate de apagar el micrófono para que las apps no te espíen: esta patente permitirá que tu teléfono te 'oiga' por cómo te mueves,"Recientemente, supimos que a comienzos de este mismo año la Oficina de Patentes de Estados Unidos le había concedido a Apple una patente (PDF) titulada ""Keyworking detection using motion sensors"" (Detección de palabras clave utilizando sensores de movimiento)…",https://www.genbeta.com/seguridad/olvidate-apagar-microfono-apps-no-te-espien-esta-patente-permitira-que-tu-telefono-te-oiga-como-te-mueves,https://i.blogs.es/a315c5/teoigo/840_560.jpeg
Android Police,Manuel Vonau,Gboard wants to go all in on generative AI,Hidden flags within the app reveal AI proofreading and emoji creations as well as predictive back gestures,https://www.androidpolice.com/gboard-all-in-on-generative-ai/,https://static1.anpoimages.com/wordpress/wp-content/uploads/2022/02/gboard-grammar-hero.png
Techdirt,Gretchen Heckmann,Daily Deal: Podurama Premium Plan,Podurama is a leading podcast player with a collection of more than 30 million podcasts in every genre. The app makes it easy to organize your podcasts into folders or create multiple playlists of your favorite episodes. You can also take notes or bookmark wi…,https://www.techdirt.com/2023/08/24/daily-deal-podurama-premium-plan/,https://www.techdirt.com/wp-content/themes/techdirt/assets/images/td-rect-logo-white.png
Search Engine Journal,Brooke Osmundson,"5 Best Google Ads Alternatives To Diversify & Grow via @sejournal, @brookeosmundson","Diversifying your ad platform strategy is crucial for growth. Read on to discover top alternative platforms to Google Ads.
The post 5 Best Google Ads Alternatives To Diversify & Grow appeared first on Search Engine Journal.",https://www.searchenginejournal.com/google-ads-alternatives/489935/,https://www.searchenginejournal.com/wp-content/uploads/2023/06/google-ads-alternatives-649c1521a9a64-sej.png
Digital Trends,Nadeem Sarwar,Have a Samsung phone? This is the one app you have to download,"Samsung phones are great out of the box, but there's one app you can download to unlock a load of hidden features.",https://www.digitaltrends.com/mobile/samsung-phone-one-app-you-have-to-download-good-lock-why/,https://www.digitaltrends.com/wp-content/uploads/2023/08/samsung-goodlock-title.jpg?resize=1200%2C630&p=1
Quicksprout.com,Quick Sprout Editorial,Grey Hat Link Building Guide,"No guide to link building would be complete without at least touching on a few grey hat strategies. And while …
 Grey Hat Link Building Guide Read More »
The post Grey Hat Link Building Guide appeared first on .",https://www.quicksprout.com/grey-hat-link-building/,https://www.quicksprout.com/wp-content/uploads/2023/06/QS-Default-Featured-Image-4-290.webp
Quicksprout.com,Quick Sprout,How to Optimize Images for Better Search Engine Rankings,"You are already optimizing your site for search engines, right? But we bet you aren’t optimizing your images for search …
 How to Optimize Images for Better Search Engine Rankings Read More »
The post How to Optimize Images for Better Search Engine Rankings a…",https://www.quicksprout.com/the-advance-guide-to-seo-for-images/,https://www.quicksprout.com/wp-content/uploads/2023/06/the-advance-guide-to-seo-for-images_featured-image.webp
Small Business Trends,Lisa Price,How to Make Money on Rumble,"If you want to know how to make money on Rumble, this article explains what it is, how it works, and how you can get started on the platform.",https://smallbiztrends.com/2023/08/how-to-make-money-on-rumble.html,https://media.smallbiztrends.com/2023/08/how-to-make-money-on-rumble.png
Hootsuite.com,Colleen Christison,Experiment: Do Traditional SEO Tactics Work on Social Media?,"Social SEO is like the new kid that just transferred to your high school. Who are they? What can they…
The post Experiment: Do Traditional SEO Tactics Work on Social Media? appeared first on Social Media Marketing & Management Dashboard.",https://blog.hootsuite.com/experiment-social-seo/,https://blog.hootsuite.com/wp-content/uploads/2023/08/experiment-social-SEO.png
Yahoo Entertainment,Brian Sozzi,Here's what could trip up Nvidia stock...and a bunch of other big companies,It pays off to do a keyword search on China inside of Nvidia's latest earnings call.,https://finance.yahoo.com/news/heres-what-could-trip-up-nvidia-stockand-a-bunch-of-other-big-companies-100057178.html,https://s.yimg.com/ny/api/res/1.2/A_atKO0gVKqMXQ25TLnqiA--/YXBwaWQ9aGlnaGxhbmRlcjt3PTEyMDA7aD03OTg-/https://s.yimg.com/os/creatr-uploaded-images/2023-08/2e9f0840-40fa-11ee-bb4f-fe30d8b01830
Search Engine Journal,Kristi Hines,"Custom Instructions Included In Recent ChatGPT iOS App Update via @sejournal, @kristileilani","The latest update to the ChatGPT app for iOS includes Custom Instructions, which allows Plus users to enter personalized directions for better responses.
The post Custom Instructions Included In Recent ChatGPT iOS App Update appeared first on Search Engine Jo…",https://www.searchenginejournal.com/custom-instructions-included-recent-chatgpt-ios-app-update/493445/,https://www.searchenginejournal.com/wp-content/uploads/2023/08/chatgpt-app-adds-custom-instructions-for-ios-users-64d161c0c61b6-sej.jpg
Search Engine Journal,Kristi Hines,"Google AdsLiaison On Performance Max Brand Safety Controls via @sejournal, @kristileilani","Have a question about Google Performance Max brand safety controls? Google AdsLiaison offered clarification about the options available for advertisers to protect brand reputation.
The post Google AdsLiaison On Performance Max Brand Safety Controls appeared f…",https://www.searchenginejournal.com/google-adsliaison-performance-max-brand-safety-controls/494305/,https://www.searchenginejournal.com/wp-content/uploads/2023/08/google-performance-max-controls-clarified-64e3c321e08d2-sej.jpg
Livedoor.biz,pikotin,【画像】弱者女性の王子様「羽生結弦」の結婚にショックを受けた弱女のグッズの放出が止まらないw w w,1: 名無し  2023/08/06(日) 14:28:20.16 ID:7k6GqaIj0  滝沢ガレソ  ＠  【続報】メルカリの羽生結弦グッズ出品ラッシュが止まらない　結婚発表でユヅリストおばさん発狂か  jp.mercari.com/search?keyword…                  引用元：https://nova.5ch.net/test/read.cgi/l,http://news4vip.livedoor.biz/archives/52499484.html,https://livedoor.blogimg.jp/news4vip2/imgs/3/1/31f000ca-s.png
Smashingmagazine.com,hello@smashingmagazine.com (Mike Herchel),Modern Methods For Improving Drupal’s Largest Contentful Paint Core Web Vital,"The background image used in the hero component, which is slow to load, is a very common problem with any component that uses a large image file as a background image. In this article, Mike Herchel walks you through how to tackle this common performance issue…",https://www.smashingmagazine.com/2023/08/methods-improving-drupal-largest-contentful-paint-core-web-vital/,https://files.smashing.media/articles/methods-improving-drupal-largest-contentful-paint-core-web-vital/methods-improving-drupal-largest-contentful-paint-core-web-vital.jpg
AppleInsider,news@appleinsider.com (William Gallagher),Apple is teaching Siri how to read lips,"Future Apple devices may be able to use motion detection to read lips, and so trigger Siri without needing a microphone to constantly listen out for commands.HAL 9000 background source: Warner BrosIf you're old enough, the notion of Siri being able to read li…",https://appleinsider.com/articles/23/08/03/apple-is-teaching-siri-how-to-read-lips,https://photos5.appleinsider.com/gallery/55728-113220-000-lead-HAL-Siri-xl.jpg
Fox News,"Kurt Knutsson, CyberGuy Report","Ask Kurt: Websites may try to hide their past, but these tools uncover what others may not want you to see",Websites like The Wayback Machine and The Memento Project allow users to fly back in time and take a peek at what our most-used websites once looked like.,https://www.foxnews.com/tech/ask-kurt-websites-may-try-hide-their-past-these-tools-uncover-what-others-may-not-want-you-see,https://static.foxnews.com/foxnews.com/content/uploads/2023/07/1-YAHOO.jpg
Markezine.jp,No author found,日本人の7割が生成AIのコンテンツを信頼／AIが薦める商品購入に6割が前向き【キャップジェミニ調査】,AI事業を手掛けるキャップジェミニの社内シンクタンク「キャップジェミニ・リサーチ・インスティテュート」は、生成AIに関する消費者の意識についてソーシャル分析と検索分析を実施。調査レポートを公開した。 ...,https://markezine.jp/article/detail/42905,https://markezine.jp/static/images/article/42905/42905_fb.png
Quicksprout.com,Quick Sprout,How to Optimize Your Business For Local Search and Social Marketing,"If you have a local business or one that targets audiences in a specific geo-location, then you will want to …
 How to Optimize Your Business For Local Search and Social Marketing Read More »
The post How to Optimize Your Business For Local Search and Social …",https://www.quicksprout.com/local-seo/,https://www.quicksprout.com/wp-content/uploads/2023/06/local-seo_featured-image.webp
Korban.net,No author found,"Thoughts on Elixir, Phoenix and LiveView after 18 months of commercial use",Comments,https://korban.net/posts/2023-08-11-thoughts-on-elixir-phoenix-liveview/,No image found
Hubspot.com,Caroline Forsey,13 YouTube Description Templates That Have Helped Our Videos Go Viral,"As the second-largest search engine, with over 2 billion users per month, YouTube is an undeniably important channel for your marketing efforts. Knowing how to optimize your YouTube channel can help you increase your chances of discoverability and reach more …",https://blog.hubspot.com/marketing/youtube-description-template-vb#article,https://blog.hubspot.com/hubfs/youtube-description-template_8.webp#keepProtocol
Search Engine Journal,Adriana Stein,"How To Scale Your B2B Google Ads Strategy Across Multiple Languages And Regions via @sejournal, @adrianakstein","Expand your B2B business into international markets with Google Ads and and focus on holistically localizing your strategy with this step by step guide.
The post How To Scale Your B2B Google Ads Strategy Across Multiple Languages And Regions appeared first on…",https://www.searchenginejournal.com/multilingual-b2b-google-ads-strategy/491444/,https://www.searchenginejournal.com/wp-content/uploads/2023/07/b2b-google-ads-strategy-64b5264e33b2d-sej.png
XDA Developers,Timi Cantisano,"Google Search update brings revamped UI, personal info removal tool enhancements, and more",Google is now making it easier than ever to remove personal and private information from its search results.,https://www.xda-developers.com/google-search-revamped-ui-new-features/,https://static1.xdaimages.com/wordpress/wp-content/uploads/2020/05/google-search.jpg
Hubspot.com,Erin Rodrigue,"Can AI-Generated Content Hurt Your Search Ranking? [Insights from HubSpot, Litmus, Casted & 500+ Marketers]","AI is giving marketers a newer, faster, and easier way to create content. But will the convenience of AI come at the expense of your search ranking? 
After all, if everyone can use AI to create high-quality content at lightning-fast speeds, what will be the g…",https://blog.hubspot.com/marketing/ai-generated-content-seo#article,https://blog.hubspot.com/hubfs/AI%20Content%20SEO%20FI.png#keepProtocol
Osxdaily.com,Jamie Cuevas,How to Stop Photos from Showing in Spotlight Search on iPhone & iPad,"If you have ever been using Spotlight to search for stuff on your iPhone or iPad, and found a situation where photos are showing up in search, and you’d rather them not at all, then you can make a settings change to make sure this does not happen. Whether you…",https://osxdaily.com/2023/08/04/how-to-stop-photos-from-showing-in-spotlight-search-on-iphone-ipad/,https://cdn.osxdaily.com/wp-content/uploads/2023/08/stop-photos-showing-spotlight-search-iphone-ipad.jpeg
iphone-ticker.de › iPhone-News seit 2007,Nicolas,"App-Updates: Toolbox kostenlos, Lens Buddy 17, Keyword Search, Postbank und Apple Pay","Zum Wochenauftakt bietet der App Store mehrere App-Aktualisierungen, zu denen unter anderm die Safari-Erweiterung Keyword Search gehört. Eine Sucherweiterung, die die Erstellung beliebiger Suchvorlagen ermöglicht Inzwischen lässt sich Keyword Search auch auf …",https://www.iphone-ticker.de/app-updates-toolbox-kostenlos-lens-buddy-17-keyword-search-postbank-und-apple-pay-218970/,https://images.iphone-ticker.de/wp-content/uploads/2023/08/app-updates-iphone.jpg
MakeUseOf,Ruby Helyer,8 AI Tools Content Writers Can Use to Improve Their Workflow,"Artificial intelligence (AI) can help writers enhance their workflow, and here are some top tools to assist you.",https://www.makeuseof.com/ai-tools-for-content-writers/,https://static1.makeuseofimages.com/wordpress/wp-content/uploads/2023/08/content-writer-tools.jpg
Digital Trends,Tomas Franzese,Microsoft gives Activision Blizzard cloud gaming rights to Ubisoft,Microsoft will give cloud streaming rights for Activision Blizzard games to Ubisoft in order to placate regulators wary of the acquisition.,https://www.digitaltrends.com/gaming/microsoft-gives-up-activision-blizzard-cloud-gaming/,https://www.digitaltrends.com/wp-content/uploads/2021/04/xcloud.jpg?resize=1200%2C630&p=1
Quicksprout.com,Quick Sprout,How to Monitor Your Competitors With These 11 Helpful Tools,"Your business doesn’t operate in a vacuum. There are countless outside factors that influence whether or not you’ll turn a …
 How to Monitor Your Competitors With These 11 Helpful Tools Read More »
The post How to Monitor Your Competitors With These 11 Helpfu…",https://www.quicksprout.com/how-to-monitor-your-competitors-with-these-10-helpful-tools/,https://www.quicksprout.com/wp-content/uploads/2018/05/prisync.png
Phrack.org,No author found,Phrack Magazine,Phrack staff website.,http://phrack.org/,No image found
Github.com,reflex-dev,Reflex – Web apps in pure Python, Web apps in pure Python . Contribute to reflex-dev/reflex development by creating an account on GitHub.,https://github.com/reflex-dev/reflex,https://repository-images.githubusercontent.com/557075997/1e6cdae1-92d5-4d10-8a21-f6c61f86113f
Mitmproxy.org,No author found,Mitmproxy 10: First Bits of HTTP/3,Comments,https://mitmproxy.org/posts/releases/mitmproxy10/,No image found
Brown.edu,,How to Search on Encrypted Data (2013),Comments,https://esl.cs.brown.edu/blog/how-to-search-on-encrypted-data-introduction-part-1/,No image found
Noupe.com,Alexey Chychyrko,How to Launch Your First PPC Campaign: A Beginner’s Guide,Skyrocketing eCommerce sales and traffic may seem challenging. But there’s a strategy that can help: Pay-Per-Click (PPC) advertising. PPC campaigns don’t just increase your online visibility—they are designed to convert. They position your business strategica…,https://www.noupe.com/business-online/how-to-launch-your-first-ppc-campaign-a-beginners-guide.html,https://www.noupe.com/wp-content/uploads/2023/08/kedi.png
Quicksprout.com,Quick Sprout,How to Gain More Branded Search Volume to Your Website,"“If people like you they will listen to you, but if they trust you, they’ll do business with you.“ ~ …
 How to Gain More Branded Search Volume to Your Website Read More »
The post How to Gain More Branded Search Volume to Your Website appeared first on .",https://www.quicksprout.com/how-to-gain-more-branded-search-volume-to-your-website/,https://www.quicksprout.com/wp-content/uploads/2017/04/image1-2.png
MakeUseOf,Teodor Constantin Nechita,"You Can Turn Google Pink by Typing ""Barbie Movie"" Into Search","Google packs plenty of Easter eggs, and its latest celebrates one of 2023's biggest film releases. Here's how you can turn Google pink for Barbie.",https://www.makeuseof.com/google-barbie-easter-egg/,https://static1.makeuseofimages.com/wordpress/wp-content/uploads/2023/08/google-barbie-easter-egg-featured.jpg
MakeUseOf,Aman Kumar,How to Save Jobs (and Find Saved Jobs) on LinkedIn,You can save job listings that interest you on LinkedIn and come back to them later.,https://www.makeuseof.com/how-to-save-find-job-linkedin/,https://static1.makeuseofimages.com/wordpress/wp-content/uploads/2023/07/linkedin-tiles.jpg
Search Engine Journal,Kristi Hines,"6 New ChatGPT Features Include Prompt Examples & File Uploads via @sejournal, @kristileilani","ChatGPT is rolling out major updates, including intuitive prompt examples, suggested replies, file uploads for Code Interpreter, and keyboard shortcuts.
The post 6 New ChatGPT Features Include Prompt Examples & File Uploads appeared first on Search Engine Jou…",https://www.searchenginejournal.com/6-new-chatgpt-features-include-prompt-examples-file-uploads/493240/,https://www.searchenginejournal.com/wp-content/uploads/2023/08/new-chatgpt-features-prompt-examples-file-uploads-keyboard-shortcuts-64cbe11467cc6-sej.jpg
Search Engine Journal,Matt G. Southern,"How Google Analytics 4 Uses AI To Enhance Your Marketing Data via @sejournal, @MattGSouthern","Google Analytics 4 taps AI to surface insights, enable custom metric tracking, and provide data-driven recommendations.
The post How Google Analytics 4 Uses AI To Enhance Your Marketing Data appeared first on Search Engine Journal.",https://www.searchenginejournal.com/how-google-analytics-4-uses-ai-to-enhance-your-marketing-data/494666/,https://www.searchenginejournal.com/wp-content/uploads/2023/08/img_2023-08-23-144957-64e6552832038-sej.jpeg
Abondance.com,Johan Sellitto,"Goossips SEO : liens sortants, keyword stuffing","Quelques infos sur Google (et Bing parfois) et son moteur de recherche, glanées ici et là de façon officieuse ces derniers jours. Au programme, cette semaine : quel est l'impact sur le SEO des liens vers des sites populaires et à partir de quel nombre d'occur…",https://www.abondance.com/20230808-110360-goossips-seo-liens-sortants-keyword-stuffing.html,https://www.abondance.com/wp-content/uploads/2018/07/goossip-entete-1.jpg
Stackoverflow.blog,David Haney and David Gibson,Ask like a human: Implementing semantic search on Stack Overflow,"Semantic search allows users to search using natural language instead of a rigid syntax of keyword manipulation.
The post Ask like a human: Implementing semantic search on Stack Overflow appeared first on Stack Overflow Blog.",https://stackoverflow.blog/2023/07/31/ask-like-a-human-implementing-semantic-search-on-stack-overflow/,https://149351115.v2.pressablecdn.com/wp-content/uploads/2023/07/073123-Stack-Overflow-How-were-moving-to-semantic-research-scaled.jpg
Semrush.com,No author found,How to Write SEO Headlines That Rank (+ 9 Powerful Templates),"Get tips, tools, and templates to write better SEO headlines. Optimize your titles and drive more traffic.",https://www.semrush.com/blog/seo-headline/,https://static.semrush.com/blog/uploads/media/df/af/dfaf06773cc19fef73e44aa27281fb02/seo-headline-sm.png
Deutsche-startups.de,Team,#Gastbeitrag - SEO Basics für Startups: Die ersten Schritte für Gründer,"Der erste Schritt auf dem Weg zu einer erfolgreichen SEO-Strategie besteht darin, eine gründliche Keyword-Recherche durchzuführen. Neugründer sollten ihre Zielgruppe analysieren und herausfinden, nach welchen Keywords sie suchen könnten. Ein Gastbeitrag von J…",https://www.deutsche-startups.de/2023/08/04/seo-basics-fuer-startups/,https://www.deutsche-startups.de/app/uploads/2014/08/ds-seo-hipster.jpg
Dzone.com,Saba Qureshi,Java String: A Complete Guide With Examples,"In Java, the String class is one of the most fundamental and widely used classes. It represents a sequence of characters and serves as the backbone of text manipulation in Java programs. Strings are immutable, meaning their values cannot be changed once they …",https://dzone.com/articles/java-string-a-complete-guide-with-examples,https://dz2cdn3.dzone.com/storage/article-thumb/17144606-thumb.jpg
Xataka Android,Pepu Ricca,Ya puedes denunciar contenidos de YouTube o conocer la política de Gmail desde el nuevo Centro de Transparencia de Google,"En nuestros móviles Android, disfrutamos de una gran variedad de servicios que complementan y conforman el cómo usamos los dispositivos. Gmail, Google Maps, YouTube, Drive e incluso Discover, todas bajo el paraguas del gigante del buscador, proporcionan difer…",https://www.xatakandroid.com/aplicaciones-android/conocer-politica-gmail-denunciar-contenido-youtube-posible-nuevo-centro-transparencia-google-hace-oficial,https://i.blogs.es/159fa4/google-centro-de-transparencia/840_560.jpeg
Github.io,No author found,Using Vim's abbreviations (2020),Exploring some cool use cases for vim abbreviations,https://vonheikemen.github.io/devlog/tools/using-vim-abbreviations/,No image found
Thecodedmessage.com,No author found,C++ Papercuts,"My current day job is now again a C++ role. And so, I find myself again focusing in this blog post on the downsides of C++.
Overall, I have found returning to active C++ dev to be exactly what I expected: I still have the skills, and can still be effective in…",https://www.thecodedmessage.com/posts/c&#43;&#43;-papercuts/,https://www.thecodedmessage.com/img/favicon/green.png
Graphql.org,No author found,GraphQL Queries and Mutations,"A query language for your API — GraphQL provides a complete description of the data in your API, gives clients the power to ask for exactly what they need and nothing more, makes it easier to evolve APIs over time, and enables powerful developer tools.",https://graphql.org/learn/queries/,https://graphql.org/img/og-image.png
Minimaxir.com,No author found,I Made Stable Diffusion XL Smarter by Finetuning It on Bad AI-Generated Images,And then telling it to not generate those images!,https://minimaxir.com/2023/08/stable-diffusion-xl-wrong/,https://minimaxir.com/2023/08/stable-diffusion-xl-wrong/featured.webp
Semrush.com,No author found,Website Content Monitoring: Key Strategies for Success,Learn how content monitoring can help you track engagement and refine your content strategy for success.,https://www.semrush.com/blog/content-monitoring/,https://static.semrush.com/blog/uploads/media/d3/08/d308e118f135d749562830472413cdde/content-monitoring-sm.png
Thedataquarry.com,Prashanth Rao,Vector databases: analyzing the trade-offs,A deeper dive into some of the trade-offs involved when choosing a vector DB,https://thedataquarry.com/posts/vector-db-4/,No image found
Forbes,"John Hall, Senior Contributor, 
 John Hall, Senior Contributor
 https://www.forbes.com/sites/johnhall/",How To Leverage Growth Marketing To Boost Slowing Sales,Worried about how a sales slump will impact your business? Learn how growth marketing techniques can improve your numbers.,https://www.forbes.com/sites/johnhall/2023/08/27/how-to-leverage-growth-marketing-to-boost-slowing-sales/,"https://imageio.forbes.com/specials-images/imageserve/628be0110c7c94a8e3ea9402/0x0.jpg?format=jpg&crop=1602,1201,x0,y0,safe&width=1200"
