source,author
Engadget,Karissa Bell
Hackaday,Al Williams
ReadWrite,Al Sefati
Nullpt.rs,No author found
Android Central,tips@androidcentral.com (Nickolas Diaz)
Android Central,tips@androidcentral.com (Nickolas Diaz)
Small Business Trends,Shubhomita Bose
ReadWrite,Nate Nead
Forbes,"YEC, Forbes Councils Member, 
 YEC, Forbes Councils Member
 https://www.forbes.com/sites/theyec/"
Moz.com,Rejoice Ojiaku
Small Business Trends,Small Business Editor
Android Central,tips@androidcentral.com (Nickolas Diaz)
Android Central,tips@androidcentral.com (Nickolas Diaz)
Gizmodo.jp,ヨコヤマコム
Github.com,TodePond
Quicksprout.com,Quick Sprout
Quicksprout.com,Lars Lofgren
Quicksprout.com,Quick Sprout Editorial
ReadWrite,Nate Nead
ReadWrite,Erik Emanuelli
Quicksprout.com,Quick Sprout
Search Engine Journal,Roger Montti
Wwwhatsnew.com,Juan Diego Polo
Bitecode.dev,Bite Code!
MakeUseOf,Idowu Omisola
Search Engine Journal,Kevin Rowe
Quicksprout.com,Quick Sprout
Boing Boing,Mark Frauenfelder
MakeUseOf,Sahil Kapoor
Search Engine Journal,Adam Heitzman
Search Engine Journal,Brooke Osmundson
Moz.com,Jon Earnshaw
Adamj.eu,No author found
Briansmith.org,No author found
Moz.com,Meghan Pahinui
Idownloadblog.com,Christian Zibreg
Tinloof.com,Omar Benseddik
Yanko Design,Ida Torres
Thedailywtf.com,Remy Porter
Pybit.es,
ReadWrite,Vikas Kaushik
Search Engine Journal,Greg Jarboe
Search Engine Journal,Annabelle Nyst
Iphoneblog.de,Alex Olma
Lighton.ai,No author found
Quicksprout.com,Lars Lofgren
PC Gamer,Phil Savage
Semrush.com,No author found
Grahamhelton.com,No author found
Genbeta.com,Marcos Merino
Android Police,Manuel Vonau
Techdirt,Gretchen Heckmann
Search Engine Journal,Brooke Osmundson
Digital Trends,Nadeem Sarwar
Quicksprout.com,Quick Sprout Editorial
Quicksprout.com,Quick Sprout
Small Business Trends,Lisa Price
Hootsuite.com,Colleen Christison
Yahoo Entertainment,Brian Sozzi
Search Engine Journal,Kristi Hines
Search Engine Journal,Kristi Hines
Livedoor.biz,pikotin
Smashingmagazine.com,hello@smashingmagazine.com (Mike Herchel)
AppleInsider,news@appleinsider.com (William Gallagher)
Fox News,"Kurt Knutsson, CyberGuy Report"
Markezine.jp,No author found
Quicksprout.com,Quick Sprout
Korban.net,No author found
Hubspot.com,Caroline Forsey
Search Engine Journal,Adriana Stein
XDA Developers,Timi Cantisano
Hubspot.com,Erin Rodrigue
Osxdaily.com,Jamie Cuevas
iphone-ticker.de › iPhone-News seit 2007,Nicolas
MakeUseOf,Ruby Helyer
Digital Trends,Tomas Franzese
Quicksprout.com,Quick Sprout
Phrack.org,No author found
Github.com,reflex-dev
Mitmproxy.org,No author found
Brown.edu,
Noupe.com,Alexey Chychyrko
Quicksprout.com,Quick Sprout
MakeUseOf,Teodor Constantin Nechita
MakeUseOf,Aman Kumar
Search Engine Journal,Kristi Hines
Search Engine Journal,Matt G. Southern
Abondance.com,Johan Sellitto
Stackoverflow.blog,David Haney and David Gibson
Semrush.com,No author found
Deutsche-startups.de,Team
Dzone.com,Saba Qureshi
Xataka Android,Pepu Ricca
Github.io,No author found
Thecodedmessage.com,No author found
Graphql.org,No author found
Minimaxir.com,No author found
Semrush.com,No author found
Thedataquarry.com,Prashanth Rao
Forbes,"John Hall, Senior Contributor, 
 John Hall, Senior Contributor
 https://www.forbes.com/sites/johnhall/"
